{
  "timestamp": "2025-11-10T22:41:04.602021",
  "statistics": {
    "samples": 50,
    "mean": 101.1627566597599,
    "std": 9.051161160645684,
    "median": 99.8511249999865,
    "p50": 99.8511249999865,
    "p95": 105.07807714893714,
    "p99": 134.67483049837017,
    "min": 91.07887499703793,
    "max": 161.59408299790812
  },
  "message_delays": null,
  "raw_latencies": [
    161.59408299790812,
    98.16154199870653,
    99.76691699921503,
    102.3247499979334,
    97.87849999702303,
    99.9797500007844,
    101.9717919989489,
    99.07512499921722,
    101.10208299738588,
    106.65683299885131,
    91.07887499703793,
    100.84700000152225,
    102.53083299903665,
    97.41395899982308,
    101.29320900159655,
    97.85533400281565,
    106.27183399992646,
    94.19870800047647,
    99.44150000228547,
    99.6623749997525
  ]
}