{
  "timestamp": "2025-11-14T22:24:54.303701",
  "version": "v2.1",
  "total_trades": 291,
  "winning_trades": 139,
  "losing_trades": 152,
  "analysis": {
    "winning_trades": {
      "count": 139,
      "mfe": {
        "mean": 0.6685179856115109,
        "median": 0.588,
        "p25": 0.324,
        "p50": 0.588,
        "p75": 1.068,
        "p90": 1.2,
        "min": 0.128,
        "max": 1.2
      },
      "mae": {
        "mean": 0.16712949640287772,
        "median": 0.147,
        "p25": 0.081,
        "p50": 0.147,
        "p75": 0.267,
        "p90": 0.3
      }
    },
    "losing_trades": {
      "count": 152,
      "mfe": {
        "mean": 0.06439473684210527,
        "median": 0.08233333333333334,
        "p25": 0.023999999999999997,
        "p50": 0.08233333333333334,
        "p75": 0.1,
        "p90": 0.1
      },
      "mae": {
        "mean": 0.35417105263157894,
        "median": 0.4528333333333333,
        "p25": 0.132,
        "p50": 0.4528333333333333,
        "p75": 0.55,
        "p90": 0.55,
        "min": 0.0,
        "max": 0.55
      }
    }
  },
  "recommendations": {
    "take_profit": {
      "target_pct": 1.068,
      "current_atr_pct": 0.4,
      "recommended_atr_multiplier": 2.67,
      "current_setting": 2.0,
      "adjustment_needed": true,
      "adjustment_pct": 33.5
    },
    "stop_loss": {
      "target_pct": 0.4528333333333333,
      "current_atr_pct": 0.4,
      "recommended_atr_multiplier": 1.13,
      "current_setting": 1.0,
      "adjustment_needed": true,
      "adjustment_pct": 13.20833333333331
    }
  },
  "trades_summary": {
    "winning_pnl_pcts": [
      0.5164432645478017,
      0.9999999999999993,
      0.8498160444971155,
      0.999999999999994,
      0.9999999999999953,
      0.8436179840108877,
      1.0000000000000067,
      0.2705876615716601,
      0.999999999999991,
      0.9999999999999905,
      0.9999999999999911,
      0.5993574712005788,
      0.9999999999999978,
      0.18542144963746648,
      0.5361157453806186,
      0.7670405834697991,
      0.21141024284695448,
      0.9999999999999976,
      0.9359798696430457,
      0.7150886009973552,
      0.11953953394546037,
      0.40620419046656453,
      0.7696261561621808,
      0.2985354898913762,
      0.6535085503012401,
      0.6324953829320813,
      0.4154256297679145,
      0.971884587281812,
      0.9999999999999993,
      0.522506633309115,
      0.2506532837388695,
      0.9999999999999981,
      0.19648949928166645,
      1.000000000000004,
      0.4541701073492923,
      0.12882150346604654,
      0.28079836364375244,
      0.11283534657760491,
      0.45346651235633595,
      0.17451217646769548,
      0.37266268273761843,
      0.4206325226032173,
      0.5346242411708302,
      0.26703844769293394,
      0.9999999999999938,
      0.9999999999999948,
      0.748190688970374,
      0.6335785927085428,
      0.4893105819090491,
      0.169934490683682,
      0.8664284023323249,
      0.44012311452591424,
      0.2946908042185258,
      0.7476808514614719,
      0.5353733124281769,
      0.6112294344967453,
      0.22628422100285397,
      1.000000000000005,
      0.5266107025317371,
      0.45869558012879746,
      0.5408918510980716,
      0.15930938663760227,
      0.8343546846761399,
      0.8234143870522027,
      0.26250512625526967,
      0.7481921745455803,
      0.5579430808066743,
      0.10575667456876,
      0.4319847761005983,
      0.4121770938084345,
      0.3829395864780442,
      0.9999999999999966,
      0.999999999999996,
      0.13144449484127654,
      0.256933489764486,
      1.0000000000000038,
      1.0000000000000082,
      1.0000000000000004,
      0.9308364577852613,
      0.8830943008994986,
      0.9517877649531998,
      0.3263487500227114,
      0.1353023775013424,
      0.6350367495199367,
      0.7383924303884193,
      0.7081867704143867,
      0.1435436480123954,
      0.7169547243679385,
      0.8972926805525795,
      0.3629361749403232,
      0.9999999999999932,
      0.617265710874991,
      0.45052002386298545,
      0.26903548862779586,
      0.15225325854855867,
      0.8958542334516244,
      0.9915992002653816,
      0.43616312185663686,
      0.7845206139406541,
      0.11898788733225878,
      0.15300084924792012,
      0.6676559694749495,
      0.19154899109680223,
      0.4309404624588028,
      0.9185649421834801,
      0.3591885579116447,
      0.45367962450371574,
      0.48500181811663745,
      0.28510774092772034,
      0.9999999999999916,
      0.16143413839414447,
      0.44470943357541204,
      0.2479200610503632,
      0.3280526182418695,
      0.4160280373831721,
      0.25071807137311336,
      0.6675916576467938,
      0.268350861975496,
      0.3680544636961047,
      0.2681762030796275,
      0.9362620266258073,
      0.36893094122449394,
      0.10789736730866178,
      0.10929733966803308,
      0.4266368975892896,
      0.9999999999999979,
      0.2573211655162049,
      0.28005456391609146,
      0.6886677045319086,
      0.22552171790581932,
      0.1674174985884367,
      1.0000000000000004,
      0.2927333462085916,
      0.11982318887299986,
      0.1469732232466261,
      0.2386255808129439,
      0.9999999999999966,
      0.9554846062142913,
      0.33390529893953674
    ],